Year,Week number,Country,Species,Size,Price USD,Price local
2026,40,vn,vannamei,100,3.2,83000
2026,40,vn,vannamei,90,3.43,89000
2026,40,vn,vannamei,80,3.51,91000
2026,40,vn,vannamei,70,3.66,95000
2026,40,vn,vannamei,60,3.81,99000
2026,40,vn,vannamei,50,4.01,104000
2026,40,vn,vannamei,40,4.35,113000
2026,40,vn,vannamei,30,4.93,128000
2026,40,vn,vannamei,20,5.97,155000
2026,40,vn,vannamei,10,9.2,239000
2026,40,vn,monodon,100,3.58,93000
2026,40,vn,monodon,90,4.39,114000
2026,40,vn,monodon,80,4.43,115000
2026,40,vn,monodon,70,4.47,116000
2026,40,vn,monodon,60,4.39,114000
2026,40,vn,monodon,50,4.55,118000
2026,40,vn,monodon,40,4.97,129000
2026,40,vn,monodon,30,5.66,147000
2026,40,vn,monodon,20,7.01,182000
2026,40,vn,monodon,10,11.67,303000
2026,40,in,monodon,30,5.08,487.33
2026,40,in,monodon,20,7.24,695
2026,40,in,vannamei,100,2.87,275
2026,40,in,vannamei,90,2.97,285
2026,40,in,vannamei,80,3.23,310
2026,40,in,vannamei,70,3.54,340
2026,40,in,vannamei,60,3.75,360
2026,40,in,vannamei,50,3.96,380
2026,40,in,vannamei,40,4.53,435
2026,40,in,vannamei,30,5.05,485
2026,40,in,vannamei,20,6.62,635
2026,40,th,vannamei,50,5.12,171.82
2026,40,th,vannamei,40,6.07,203.67
2026,40,th,vannamei,60,4.58,153.68
2026,40,ec,vannamei,100,1.8,1.8
2026,40,ec,vannamei,80,1.9,1.9
2026,40,ec,vannamei,70,2,2
2026,40,ec,vannamei,60,2.5,2.5
2026,40,ec,vannamei,50,2.7,2.7
2026,40,ec,vannamei,40,3.1,3.1
2026,40,ec,vannamei,30,3.4,3.4
2026,40,id,vannamei,100,3.11,56000
2026,40,id,vannamei,90,3.22,58000
2026,40,id,vannamei,80,3.28,59000
2026,40,id,vannamei,70,3.44,62000
2026,40,id,vannamei,60,3.56,64000
2026,40,id,vannamei,50,3.67,66000
2026,40,id,vannamei,40,3.94,71000
2026,40,id,vannamei,30,4.28,77000
2026,40,id,vannamei,20,5.11,92000
2026,39,th,vannamei,50,5.79,192.76
2026,39,th,vannamei,100,3.4,114.29
2026,39,th,vannamei,120,2.91,97.92
2026,39,th,vannamei,80,3.91,130.55
2026,39,th,vannamei,40,6.37,214.06
2026,39,vn,vannamei,100,3.08,80000
2026,39,vn,vannamei,90,3.31,86000
2026,39,vn,vannamei,80,3.39,88000
2026,39,vn,vannamei,70,3.54,92000
2026,39,vn,vannamei,60,3.7,96000
2026,39,vn,vannamei,50,3.89,101000
2026,39,vn,vannamei,40,4.16,108000
2026,39,vn,vannamei,30,4.73,123000
2026,39,vn,vannamei,20,5.97,155000
2026,39,vn,vannamei,10,9.2,239000
2026,39,vn,monodon,100,3.62,94000
2026,39,vn,monodon,90,4.43,115000
2026,39,vn,monodon,80,4.47,116000
2026,39,vn,monodon,70,4.5,117000
2026,39,vn,monodon,60,4.43,115000
2026,39,vn,monodon,50,4.58,119000
2026,39,vn,monodon,40,5.01,130000
2026,39,vn,monodon,30,5.7,148000
2026,39,vn,monodon,20,7.05,183000
2026,39,vn,monodon,10,11.32,294000
2026,39,th,vannamei,90,3.59,119.51
2026,39,th,vannamei,60,4.8,159.22
2026,39,th,vannamei,70,4.6,152.73
2026,39,ec,vannamei,100,1.8,1.8
2026,39,ec,vannamei,80,1.9,1.9
2026,39,ec,vannamei,70,2,2
2026,39,ec,vannamei,60,2.4,2.4
2026,39,ec,vannamei,50,2.7,2.7
2026,39,ec,vannamei,40,3.1,3.1
2026,39,ec,vannamei,30,3.4,3.4
2026,39,id,vannamei,100,3.13,56000
2026,39,id,vannamei,90,3.19,57000
2026,39,id,vannamei,80,3.3,59000
2026,39,id,vannamei,70,3.47,62000
2026,39,id,vannamei,60,3.58,64000
2026,39,id,vannamei,50,3.69,66000
2026,39,id,vannamei,40,3.97,71000
2026,39,id,vannamei,30,4.31,77000
2026,39,id,vannamei,20,5.15,92000
2026,38,th,vannamei,40,6.87,228.33
2026,38,th,vannamei,80,4,132.93
2026,38,th,vannamei,50,5.8,192.76
2026,38,th,vannamei,60,4.85,161.47
2026,38,th,vannamei,120,3.11,103.55
2026,38,th,vannamei,110,3.24,107.59
2026,38,th,vannamei,130,2.87,95.27
2026,38,th,vannamei,90,4.03,133.95
2026,38,th,vannamei,70,4.27,141.94
2026,38,th,vannamei,30,6.92,230
2026,38,ec,vannamei,100,1.8,1.8
2026,38,ec,vannamei,80,1.9,1.9
2026,38,ec,vannamei,70,2,2
2026,38,ec,vannamei,60,2.4,2.4
2026,38,ec,vannamei,50,2.7,2.7
2026,38,ec,vannamei,40,3.2,3.2
2026,38,ec,vannamei,30,3.4,3.4
2026,38,id,vannamei,100,3.12,55000
2026,38,id,vannamei,90,3.17,56000
2026,38,id,vannamei,80,3.34,59000
2026,38,id,vannamei,70,3.51,62000
2026,38,id,vannamei,60,3.63,64000
2026,38,id,vannamei,50,3.74,66000
2026,38,id,vannamei,40,4.02,71000
2026,38,id,vannamei,30,4.36,77000
2026,38,id,vannamei,20,5.22,92000
2026,37,th,vannamei,120,3.06,102
2026,37,th,vannamei,110,3.37,111.04
2026,37,th,vannamei,50,5.73,189.31
2026,37,th,vannamei,100,3.52,116.52
2026,37,th,vannamei,60,4.82,159.38
2026,37,th,vannamei,20,9.2,305
2026,37,th,vannamei,40,6.43,211.85
2026,37,vn,vannamei,100,2.86,74000
2026,37,vn,vannamei,90,3.09,80000
2026,37,vn,vannamei,80,3.16,82000
2026,37,vn,vannamei,70,3.32,86000
2026,37,vn,vannamei,60,3.47,90000
2026,37,vn,vannamei,50,3.67,95000
2026,37,vn,vannamei,40,3.86,100000
2026,37,vn,vannamei,30,4.51,117000
2026,37,vn,vannamei,20,5.86,152000
2026,37,vn,vannamei,10,9.11,236000
2026,37,vn,monodon,100,3.82,99000
2026,37,vn,monodon,90,4.44,115000
2026,37,vn,monodon,80,4.86,126000
2026,37,vn,monodon,70,4.48,116000
2026,37,vn,monodon,60,4.71,122000
2026,37,vn,monodon,50,4.9,127000
2026,37,vn,monodon,40,5.32,138000
2026,37,vn,monodon,30,6.29,163000
2026,37,vn,monodon,20,6.6,171000
2026,37,vn,monodon,10,12.04,312000
2026,37,th,vannamei,80,3.99,131.36
2026,37,th,vannamei,30,6.44,211.76
2026,37,ec,vannamei,100,1.9,1.9
2026,37,ec,vannamei,80,2,2
2026,37,ec,vannamei,70,2.2,2.2
2026,37,ec,vannamei,60,2.4,2.4
2026,37,ec,vannamei,50,2.7,2.7
2026,37,ec,vannamei,40,3.2,3.2
2026,37,ec,vannamei,30,3.4,3.4
2026,37,id,vannamei,100,3.12,55000
2026,37,id,vannamei,90,3.17,56000
2026,37,id,vannamei,80,3.34,59000
2026,37,id,vannamei,70,3.51,62000
2026,37,id,vannamei,60,3.62,64000
2026,37,id,vannamei,50,3.74,66000
2026,37,id,vannamei,40,4.02,71000
2026,37,id,vannamei,30,4.36,77000
2026,37,id,vannamei,20,5.21,92000
2026,36,th,vannamei,180,2.59,85.11
2026,36,th,vannamei,50,5.39,177.29
2026,36,th,vannamei,120,3.13,102.72
2026,36,th,vannamei,60,4.63,152.9
2026,36,th,vannamei,90,3.8,125.08
2026,36,vn,vannamei,100,2.8,73000
2026,36,vn,vannamei,90,3.03,79000
2026,36,vn,vannamei,80,3.11,81000
2026,36,vn,vannamei,70,3.26,85000
2026,36,vn,vannamei,60,3.41,89000
2026,36,vn,vannamei,50,3.6,94000
2026,36,vn,vannamei,40,3.8,99000
2026,36,vn,vannamei,30,4.45,116000
2026,36,vn,vannamei,20,5.79,151000
2026,36,vn,vannamei,10,9.01,235000
2026,36,vn,monodon,100,3.8,99000
2026,36,vn,monodon,90,4.41,115000
2026,36,vn,monodon,80,4.83,126000
2026,36,vn,monodon,70,4.83,126000
2026,36,vn,monodon,60,5.06,132000
2026,36,vn,monodon,50,5.25,137000
2026,36,vn,monodon,40,5.67,148000
2026,36,vn,monodon,30,6.25,163000
2026,36,vn,monodon,20,6.56,171000
2026,36,vn,monodon,10,11.96,312000
2026,36,th,vannamei,30,6.3,208.76
2026,36,th,vannamei,110,3.45,113.83
2026,36,th,vannamei,40,5.84,192.74
2026,36,ec,vannamei,100,1.9,1.9
2026,36,ec,vannamei,80,2,2
2026,36,ec,vannamei,70,2.2,2.2
2026,36,ec,vannamei,60,2.4,2.4
2026,36,ec,vannamei,50,2.7,2.7
2026,36,ec,vannamei,40,3.2,3.2
2026,36,ec,vannamei,30,3.4,3.4
2026,36,id,vannamei,100,3.16,56000
2026,36,id,vannamei,90,3.22,57000
2026,36,id,vannamei,80,3.28,58000
2026,36,id,vannamei,70,3.45,61000
2026,36,id,vannamei,60,3.56,63000
2026,36,id,vannamei,50,3.79,67000
2026,36,id,vannamei,40,4.12,73000
2026,36,id,vannamei,30,4.41,78000
2026,36,id,vannamei,20,5.2,92000
2026,35,th,vannamei,40,6.22,206.11
2026,35,th,vannamei,50,5.38,178.52
2026,35,th,vannamei,70,4.57,151.49
2026,35,th,vannamei,120,3.29,108.72
2026,35,th,vannamei,80,4.05,133.68
2026,35,vn,vannamei,100,2.8,73000
2026,35,vn,vannamei,90,3.03,79000
2026,35,vn,vannamei,80,3.1,81000
2026,35,vn,vannamei,70,3.26,85000
2026,35,vn,vannamei,60,3.41,89000
2026,35,vn,vannamei,50,3.6,94000
2026,35,vn,vannamei,40,3.76,98000
2026,35,vn,vannamei,30,4.33,113000
2026,35,vn,vannamei,20,5.79,151000
2026,35,vn,vannamei,10,9.01,235000
2026,35,vn,monodon,100,3.8,99000
2026,35,vn,monodon,90,4.41,115000
2026,35,vn,monodon,80,4.83,126000
2026,35,vn,monodon,70,4.83,126000
2026,35,vn,monodon,60,5.06,132000
2026,35,vn,monodon,50,5.25,137000
2026,35,vn,monodon,40,5.67,148000
2026,35,vn,monodon,30,6.25,163000
2026,35,vn,monodon,20,6.56,171000
2026,35,vn,monodon,10,11.96,312000
2026,35,ec,vannamei,100,1.9,1.9
2026,35,ec,vannamei,80,2,2
2026,35,ec,vannamei,70,2.1,2.1
2026,35,ec,vannamei,60,2.3,2.3
2026,35,ec,vannamei,50,2.6,2.6
2026,35,ec,vannamei,40,3.15,3.15
2026,35,ec,vannamei,30,3.35,3.35
2026,35,id,vannamei,100,3.16,56000
2026,35,id,vannamei,90,3.22,57000
2026,35,id,vannamei,80,3.27,58000
2026,35,id,vannamei,70,3.44,61000
2026,35,id,vannamei,60,3.56,63000
2026,35,id,vannamei,50,3.78,67000
2026,35,id,vannamei,40,4.12,73000
2026,35,id,vannamei,30,4.4,78000
2026,35,id,vannamei,20,5.19,92000
2026,34,vn,vannamei,100,2.87,75000
2026,34,vn,vannamei,90,3.1,81000
2026,34,vn,vannamei,80,3.18,83000
2026,34,vn,vannamei,70,3.33,87000
2026,34,vn,vannamei,60,3.48,91000
2026,34,vn,vannamei,50,3.67,96000
2026,34,vn,vannamei,40,3.75,98000
2026,34,vn,vannamei,30,4.1,107000
2026,34,vn,vannamei,20,5.7,149000
2026,34,vn,vannamei,10,8.92,233000
2026,34,vn,monodon,100,3.79,99000
2026,34,vn,monodon,90,4.21,110000
2026,34,vn,monodon,80,4.63,121000
2026,34,vn,monodon,70,4.63,121000
2026,34,vn,monodon,60,5.05,132000
2026,34,vn,monodon,50,5.24,137000
2026,34,vn,monodon,40,5.67,148000
2026,34,vn,monodon,30,6.24,163000
2026,34,vn,monodon,20,6.55,171000
2026,34,vn,monodon,10,11.94,312000
2026,34,th,vannamei,30,6.52,213.1
2026,34,th,vannamei,60,4.46,145.85
2026,34,th,vannamei,50,5.38,177.2
2026,34,th,vannamei,70,4.34,142.06
2026,34,th,vannamei,80,4.09,133.55
2026,34,id,vannamei,100,3.08,55000
2026,34,id,vannamei,90,3.13,56000
2026,34,id,vannamei,80,3.24,58000
2026,34,id,vannamei,70,3.36,60000
2026,34,id,vannamei,60,3.47,62000
2026,34,id,vannamei,50,3.69,66000
2026,34,id,vannamei,40,4.03,72000
2026,34,id,vannamei,30,4.36,78000
2026,34,id,vannamei,20,5.15,92000
2026,34,ec,vannamei,100,1.9,1.9
2026,34,ec,vannamei,80,2,2
2026,34,ec,vannamei,70,2.1,2.1
2026,34,ec,vannamei,60,2.25,2.25
2026,34,ec,vannamei,50,2.55,2.55
2026,34,ec,vannamei,40,3.05,3.05
2026,34,ec,vannamei,30,3.35,3.35
2026,33,th,vannamei,30,6.01,198.64
2026,33,th,vannamei,50,5.34,176.54
2026,33,th,vannamei,60,4.69,154.84
2026,33,th,vannamei,90,3.82,126.2
2026,33,th,vannamei,40,6.12,202.16
2026,33,th,vannamei,70,4.38,144.79
2026,33,vn,vannamei,100,2.73,71000
2026,33,vn,vannamei,90,2.96,77000
2026,33,vn,vannamei,80,3.03,79000
2026,33,vn,vannamei,70,3.19,83000
2026,33,vn,vannamei,60,3.34,87000
2026,33,vn,vannamei,50,3.53,92000
2026,33,vn,vannamei,40,3.61,94000
2026,33,vn,vannamei,30,3.88,101000
2026,33,vn,vannamei,20,5.49,143000
2026,33,vn,vannamei,10,8.6,224000
2026,33,vn,monodon,100,3.8,99000
2026,33,vn,monodon,90,4.22,110000
2026,33,vn,monodon,80,4.65,121000
2026,33,vn,monodon,70,4.65,121000
2026,33,vn,monodon,60,5.07,132000
2026,33,vn,monodon,50,5.26,137000
2026,33,vn,monodon,40,5.68,148000
2026,33,vn,monodon,30,6.26,163000
2026,33,vn,monodon,20,6.57,171000
2026,33,vn,monodon,10,11.98,312000
2026,33,ec,vannamei,100,1.8,1.8
2026,33,ec,vannamei,80,1.9,1.9
2026,33,ec,vannamei,70,2,2
2026,33,ec,vannamei,60,2.2,2.2
2026,33,ec,vannamei,50,2.5,2.5
2026,33,ec,vannamei,40,3,3
2026,33,ec,vannamei,30,3.3,3.3
2026,33,id,vannamei,100,3.09,55000
2026,33,id,vannamei,90,3.15,56000
2026,33,id,vannamei,80,3.26,58000
2026,33,id,vannamei,70,3.37,60000
2026,33,id,vannamei,60,3.48,62000
2026,33,id,vannamei,50,3.71,66000
2026,33,id,vannamei,40,4.05,72000
2026,33,id,vannamei,30,4.38,78000
2026,33,id,vannamei,20,5.17,92000
2026,32,th,vannamei,80,4.12,136.47
2026,32,th,vannamei,50,5.4,178.02
2026,32,th,vannamei,100,3.63,120
2026,32,th,vannamei,30,5.96,197.14
2026,32,th,vannamei,60,4.96,163.88
2026,32,in,monodon,30,5.12,487.33
2026,32,in,monodon,20,7.3,695
2026,32,in,vannamei,100,2.84,270
2026,32,in,vannamei,90,2.94,280
2026,32,in,vannamei,80,3.05,290
2026,32,in,vannamei,70,3.15,300
2026,32,in,vannamei,60,3.36,320
2026,32,in,vannamei,50,3.57,340
2026,32,in,vannamei,40,3.99,380
2026,32,in,vannamei,30,4.83,460
2026,32,in,vannamei,20,6.41,610
2026,32,th,vannamei,70,4.38,145
2026,32,vn,vannamei,100,2.9,76000
2026,32,vn,vannamei,90,3.13,82000
2026,32,vn,vannamei,80,3.2,84000
2026,32,vn,vannamei,70,3.36,88000
2026,32,vn,vannamei,60,3.51,92000
2026,32,vn,vannamei,50,3.7,97000
2026,32,vn,vannamei,40,3.77,99000
2026,32,vn,vannamei,30,4.04,106000
2026,32,vn,vannamei,20,5.57,146000
2026,32,vn,vannamei,10,8.43,221000
2026,32,vn,monodon,100,3.77,99000
2026,32,vn,monodon,90,4.19,110000
2026,32,vn,monodon,80,4.61,121000
2026,32,vn,monodon,70,4.61,121000
2026,32,vn,monodon,60,5.03,132000
2026,32,vn,monodon,50,5.22,137000
2026,32,vn,monodon,40,5.64,148000
2026,32,vn,monodon,30,6.21,163000
2026,32,vn,monodon,20,6.52,171000
2026,32,vn,monodon,10,11.89,312000
2026,32,ec,vannamei,100,1.8,1.8
2026,32,ec,vannamei,80,1.9,1.9
2026,32,ec,vannamei,70,2,2
2026,32,ec,vannamei,60,2.2,2.2
2026,32,ec,vannamei,50,2.5,2.5
2026,32,ec,vannamei,40,3,3
2026,32,ec,vannamei,30,3.3,3.3
2026,32,id,vannamei,100,3.06,55000
2026,32,id,vannamei,90,3.11,56000
2026,32,id,vannamei,80,3.22,58000
2026,32,id,vannamei,70,3.34,60000
2026,32,id,vannamei,60,3.45,62000
2026,32,id,vannamei,50,3.61,65000
2026,32,id,vannamei,40,3.95,71000
2026,32,id,vannamei,30,4.34,78000
2026,32,id,vannamei,20,5.11,92000
2026,31,th,vannamei,60,4.77,159.41
2026,31,th,vannamei,30,6,200.58
2026,31,th,vannamei,50,5.32,177.78
2026,31,th,vannamei,40,5.72,191.05
2026,31,vn,vannamei,100,2.93,77000
2026,31,vn,vannamei,90,3.15,83000
2026,31,vn,vannamei,80,3.23,85000
2026,31,vn,vannamei,70,3.38,89000
2026,31,vn,vannamei,60,3.54,93000
2026,31,vn,vannamei,50,3.73,98000
2026,31,vn,vannamei,40,3.8,100000
2026,31,vn,vannamei,30,4.07,107000
2026,31,vn,vannamei,20,5.59,147000
2026,31,vn,vannamei,10,8.44,222000
2026,31,vn,monodon,100,3.76,99000
2026,31,vn,monodon,90,4.18,110000
2026,31,vn,monodon,80,4.6,121000
2026,31,vn,monodon,70,4.6,121000
2026,31,vn,monodon,60,4.71,124000
2026,31,vn,monodon,50,4.94,130000
2026,31,vn,monodon,40,5.25,138000
2026,31,vn,monodon,30,5.55,146000
2026,31,vn,monodon,20,5.93,156000
2026,31,vn,monodon,10,11.48,302000
2026,31,th,vannamei,80,4.03,135
2026,31,id,vannamei,90,3.05,55000
2026,31,id,vannamei,80,3.21,58000
2026,31,id,vannamei,70,3.32,60000
2026,31,id,vannamei,60,3.43,62000
2026,31,id,vannamei,50,3.6,65000
2026,31,id,vannamei,40,3.93,71000
2026,31,id,vannamei,30,4.32,78000
2026,31,id,vannamei,20,5.1,92000
2026,31,ec,vannamei,100,1.8,1.8
2026,31,ec,vannamei,80,1.9,1.9
2026,31,ec,vannamei,70,2,2
2026,31,ec,vannamei,60,2.2,2.2
2026,31,ec,vannamei,50,2.5,2.5
2026,31,ec,vannamei,40,3,3
2026,31,ec,vannamei,30,3.3,3.3
2026,31,id,vannamei,100,2.99,54000
2026,30,th,vannamei,40,5.86,197.71
2026,30,th,vannamei,80,3.98,134.36
2026,30,th,vannamei,100,3.39,114.56
2026,30,th,vannamei,70,4.29,144.98
2026,30,th,vannamei,90,3.69,124.53
2026,30,th,vannamei,50,5.24,177.17
2026,30,in,monodon,30,5.06,487.33
2026,30,in,monodon,20,7.21,695
2026,30,in,vannamei,100,2.49,240
2026,30,in,vannamei,90,2.59,250
2026,30,in,vannamei,80,2.8,270
2026,30,in,vannamei,70,2.9,280
2026,30,in,vannamei,60,3.01,290
2026,30,in,vannamei,50,3.21,310
2026,30,in,vannamei,40,3.53,340
2026,30,in,vannamei,30,4.56,440
2026,30,in,vannamei,20,6.12,590
2026,30,id,vannamei,90,3.05,55000
2026,30,id,vannamei,80,3.16,57000
2026,30,id,vannamei,70,3.27,59000
2026,30,id,vannamei,60,3.43,62000
2026,30,id,vannamei,50,3.6,65000
2026,30,id,vannamei,40,3.88,70000
2026,30,id,vannamei,30,4.26,77000
2026,30,id,vannamei,20,5.1,92000
2026,30,ec,vannamei,100,1.9,1.9
2026,30,ec,vannamei,80,2,2
2026,30,ec,vannamei,70,2.1,2.1
2026,30,ec,vannamei,60,2.2,2.2
2026,30,ec,vannamei,50,2.5,2.5
2026,30,ec,vannamei,40,3.1,3.1
2026,30,ec,vannamei,30,3.4,3.4
2026,30,vn,vannamei,100,3.12,82000
2026,30,vn,vannamei,90,3.34,88000
2026,30,vn,vannamei,80,3.42,90000
2026,30,vn,vannamei,70,3.57,94000
2026,30,vn,vannamei,60,3.72,98000
2026,30,vn,vannamei,50,3.91,103000
2026,30,vn,vannamei,40,3.99,105000
2026,30,vn,vannamei,30,4.26,112000
2026,30,vn,vannamei,20,6.08,160000
2026,30,vn,vannamei,10,8.93,235000
2026,30,vn,monodon,100,3.76,99000
2026,30,vn,monodon,90,4.18,110000
2026,30,vn,monodon,80,4.6,121000
2026,30,vn,monodon,70,4.6,121000
2026,30,vn,monodon,60,4.71,124000
2026,30,vn,monodon,50,4.94,130000
2026,30,vn,monodon,40,5.25,138000
2026,30,vn,monodon,30,5.55,146000
2026,30,vn,monodon,20,5.93,156000
2026,30,vn,monodon,10,11.48,302000
2026,30,id,vannamei,100,3.01,54000
2026,29,th,vannamei,60,4.7,157.88
2026,29,th,vannamei,70,3.96,133.07
2026,29,th,vannamei,80,3.86,129.6
2026,29,th,vannamei,30,5.23,175.47
2026,29,th,vannamei,100,3.72,125
2026,29,th,vannamei,40,5.83,195.82
2026,29,th,vannamei,120,3.66,123.05
2026,29,th,vannamei,50,5.28,177.08
2026,29,th,vannamei,90,3.68,123.51
2026,29,ec,vannamei,100,1.9,1.9
2026,29,ec,vannamei,80,2,2
2026,29,ec,vannamei,70,2.1,2.1
2026,29,ec,vannamei,60,2.2,2.2
2026,29,ec,vannamei,50,2.5,2.5
2026,29,ec,vannamei,40,3.1,3.1
2026,29,ec,vannamei,30,3.5,3.5
2026,29,vn,vannamei,100,3.09,81000
2026,29,vn,vannamei,90,3.31,87000
2026,29,vn,vannamei,80,3.47,91000
2026,29,vn,vannamei,70,3.62,95000
2026,29,vn,vannamei,60,3.77,99000
2026,29,vn,vannamei,50,3.96,104000
2026,29,vn,vannamei,40,4.04,106000
2026,29,vn,vannamei,30,4.3,113000
2026,29,vn,vannamei,20,6.13,161000
2026,29,vn,vannamei,10,8.99,236000
2026,29,vn,monodon,100,3.89,102000
2026,29,vn,monodon,90,4.3,113000
2026,29,vn,monodon,80,4.46,117000
2026,29,vn,monodon,70,4.72,124000
2026,29,vn,monodon,60,4.84,127000
2026,29,vn,monodon,50,5.07,133000
2026,29,vn,monodon,40,5.26,138000
2026,29,vn,monodon,30,5.56,146000
2026,29,vn,monodon,20,5.94,156000
2026,29,vn,monodon,10,11.51,302000
2026,29,id,vannamei,100,2.98,54000
2026,29,id,vannamei,90,3.04,55000
2026,29,id,vannamei,80,3.15,57000
2026,29,id,vannamei,70,3.26,59000
2026,29,id,vannamei,60,3.43,62000
2026,29,id,vannamei,50,3.54,64000
2026,29,id,vannamei,40,3.87,70000
2026,29,id,vannamei,30,4.2,76000
2026,29,id,vannamei,20,5.14,93000
2026,28,th,vannamei,90,3.71,124.18
2026,28,th,vannamei,30,6.39,213.89
2026,28,th,vannamei,50,5.14,171.88
2026,28,th,vannamei,70,3.95,131.88
2026,28,th,vannamei,80,3.74,125
2026,28,th,vannamei,60,4.29,143.23
2026,28,ec,vannamei,100,1.9,1.9
2026,28,ec,vannamei,80,2,2
2026,28,ec,vannamei,70,2.1,2.1
2026,28,ec,vannamei,60,2.2,2.2
2026,28,ec,vannamei,50,2.5,2.5
2026,28,ec,vannamei,40,3.1,3.1
2026,28,ec,vannamei,30,3.6,3.6
2026,28,vn,vannamei,100,2.93,77000
2026,28,vn,vannamei,90,3.16,83000
2026,28,vn,vannamei,80,3.38,89000
2026,28,vn,vannamei,70,3.46,91000
2026,28,vn,vannamei,60,3.61,95000
2026,28,vn,vannamei,50,3.8,100000
2026,28,vn,vannamei,40,3.88,102000
2026,28,vn,vannamei,30,4.14,109000
2026,28,vn,vannamei,20,5.97,157000
2026,28,vn,vannamei,10,8.82,232000
2026,28,vn,monodon,100,3.88,102000
2026,28,vn,monodon,90,4.3,113000
2026,28,vn,monodon,80,4.45,117000
2026,28,vn,monodon,70,4.71,124000
2026,28,vn,monodon,60,4.83,127000
2026,28,vn,monodon,50,5.06,133000
2026,28,vn,monodon,40,5.25,138000
2026,28,vn,monodon,30,5.55,146000
2026,28,vn,monodon,20,5.93,156000
2026,28,vn,monodon,10,11.48,302000
2026,28,id,vannamei,100,2.94,53000
2026,28,id,vannamei,90,3.05,55000
2026,28,id,vannamei,80,3.16,57000
2026,28,id,vannamei,70,3.27,59000
2026,28,id,vannamei,60,3.38,61000
2026,28,id,vannamei,50,3.49,63000
2026,28,id,vannamei,40,3.83,69000
2026,28,id,vannamei,30,4.21,76000
2026,28,id,vannamei,20,5.16,93000
2026,27,th,vannamei,70,3.8,126.62
2026,27,th,vannamei,40,5.44,181.21
2026,27,th,vannamei,170,2.96,98.58
2026,27,th,vannamei,130,3.16,105.19
2026,27,th,vannamei,30,6.07,202.13
2026,27,th,vannamei,50,4.59,152.86
2026,27,th,vannamei,80,3.65,121.71
2026,27,vn,vannamei,100,2.93,77000
2026,27,vn,vannamei,90,3.16,83000
2026,27,vn,vannamei,80,3.38,89000
2026,27,vn,vannamei,70,3.46,91000
2026,27,vn,vannamei,60,3.5,92000
2026,27,vn,vannamei,50,3.57,94000
2026,27,vn,vannamei,40,3.65,96000
2026,27,vn,vannamei,30,3.84,101000
2026,27,vn,vannamei,20,5.97,157000
2026,27,vn,vannamei,10,8.82,232000
2026,27,vn,monodon,100,3.88,102000
2026,27,vn,monodon,90,4.3,113000
2026,27,vn,monodon,80,4.45,117000
2026,27,vn,monodon,70,4.72,124000
2026,27,vn,monodon,60,4.83,127000
2026,27,vn,monodon,50,5.06,133000
2026,27,vn,monodon,40,5.25,138000
2026,27,vn,monodon,30,5.55,146000
2026,27,vn,monodon,20,5.93,156000
2026,27,vn,monodon,10,11.48,302000
2026,27,in,monodon,30,5.15,487.33
2026,27,in,monodon,20,7.34,695
2026,27,in,vannamei,100,2.48,235
2026,27,in,vannamei,90,2.59,245
2026,27,in,vannamei,80,2.8,265
2026,27,in,vannamei,70,2.9,275
2026,27,in,vannamei,60,3.01,285
2026,27,in,vannamei,50,3.22,305
2026,27,in,vannamei,40,3.54,335
2026,27,in,vannamei,30,4.59,435
2026,27,in,vannamei,20,6.23,590
2026,27,th,vannamei,110,3.24,108.07
2026,27,th,vannamei,20,7.33,244.44
2026,27,th,vannamei,100,3.42,114.14
2026,27,ec,vannamei,100,1.9,1.9
2026,27,ec,vannamei,80,2,2
2026,27,ec,vannamei,70,2.1,2.1
2026,27,ec,vannamei,60,2.4,2.4
2026,27,ec,vannamei,50,2.6,2.6
2026,27,ec,vannamei,40,3.2,3.2
2026,27,ec,vannamei,30,3.7,3.7
2026,27,id,vannamei,100,2.96,53000
2026,27,id,vannamei,90,3.07,55000
2026,27,id,vannamei,80,3.18,57000
2026,27,id,vannamei,70,3.3,59000
2026,27,id,vannamei,60,3.41,61000
2026,27,id,vannamei,50,3.52,63000
2026,27,id,vannamei,40,3.85,69000
2026,27,id,vannamei,30,4.25,76000
2026,27,id,vannamei,20,5.03,90000
2026,26,th,vannamei,60,3.63,121.28
2026,26,th,vannamei,50,4.17,139
2026,26,th,vannamei,40,4.53,150.99
2026,26,vn,monodon,100,3.99,105000
2026,26,vn,monodon,90,4.41,116000
2026,26,vn,monodon,80,4.56,120000
2026,26,vn,monodon,70,4.83,127000
2026,26,vn,monodon,60,4.94,130000
2026,26,vn,monodon,50,5.05,133000
2026,26,vn,monodon,40,5.24,138000
2026,26,vn,monodon,30,5.55,146000
2026,26,vn,monodon,20,5.93,156000
2026,26,vn,vannamei,100,2.85,75000
2026,26,vn,vannamei,90,3.08,81000
2026,26,vn,vannamei,80,3.38,89000
2026,26,vn,vannamei,70,3.38,89000
2026,26,vn,vannamei,60,3.12,82000
2026,26,vn,vannamei,50,3.08,81000
2026,26,vn,vannamei,40,3.38,89000
2026,26,vn,vannamei,30,3.91,103000
2026,26,vn,vannamei,20,6.11,160667
2026,26,vn,vannamei,10,8.96,235667
2026,26,vn,monodon,10,11.48,302000
2026,26,th,vannamei,160,2.85,95.19
2026,26,th,vannamei,90,3.22,107.61
2026,26,th,vannamei,30,4.91,163.77
2026,26,th,vannamei,20,9.06,302.5
2026,26,ec,vannamei,100,1.9,1.9
2026,26,ec,vannamei,80,2.1,2.1
2026,26,ec,vannamei,70,2.2,2.2
2026,26,ec,vannamei,60,2.3,2.3
2026,26,ec,vannamei,50,2.6,2.6
2026,26,ec,vannamei,40,3.1,3.1
2026,26,ec,vannamei,30,3.6,3.6
2026,26,id,vannamei,100,2.97,53000
2026,26,id,vannamei,90,3.08,55000
2026,26,id,vannamei,80,3.2,57000
2026,26,id,vannamei,70,3.31,59000
2026,26,id,vannamei,60,3.42,61000
2026,26,id,vannamei,50,3.53,63000
2026,26,id,vannamei,40,3.87,69000
2026,26,id,vannamei,30,4.26,76000
2026,26,id,vannamei,20,5.04,90000
2026,25,th,vannamei,50,4.39,145.18
2026,25,th,vannamei,90,3.2,106.11
2026,25,th,vannamei,30,5.44,178.48
2026,25,th,vannamei,70,3.62,118.82
2026,25,th,vannamei,40,4.5,147.27
2026,25,vn,vannamei,100,2.98,78333.3
2026,25,vn,vannamei,90,3.21,84333.3
2026,25,vn,vannamei,80,3.51,92333.3
2026,25,vn,vannamei,70,3.51,92333.3
2026,25,vn,vannamei,60,3.19,84000
2026,25,vn,vannamei,50,3.16,83000
2026,25,vn,vannamei,40,3.46,91000
2026,25,vn,vannamei,30,3.99,105000
2026,25,vn,vannamei,20,6.24,164000
2026,25,vn,vannamei,10,9.01,237000
2026,25,vn,monodon,100,3.99,105000
2026,25,vn,monodon,90,4.41,116000
2026,25,vn,monodon,80,4.57,120000
2026,25,vn,monodon,70,4.83,127000
2026,25,vn,monodon,60,4.95,130000
2026,25,vn,monodon,50,5.06,133000
2026,25,vn,monodon,40,5.25,138000
2026,25,vn,monodon,30,5.55,146000
2026,25,vn,monodon,20,5.93,156000
2026,25,vn,monodon,10,11.49,302000
2026,25,th,vannamei,80,3.78,123.08
2026,25,ec,vannamei,100,1.9,1.9
2026,25,ec,vannamei,80,2.1,2.1
2026,25,ec,vannamei,70,2.2,2.2
2026,25,ec,vannamei,60,2.4,2.4
2026,25,ec,vannamei,50,2.6,2.6
2026,25,ec,vannamei,40,3.2,3.2
2026,25,ec,vannamei,30,3.7,3.7
2026,25,id,vannamei,100,2.94,52000
2026,25,id,vannamei,90,3.05,54000
2026,25,id,vannamei,80,3.16,56000
2026,25,id,vannamei,70,3.33,59000
2026,25,id,vannamei,60,3.45,61000
2026,25,id,vannamei,50,3.56,63000
2026,25,id,vannamei,40,3.78,67000
2026,25,id,vannamei,30,4.24,75000
2026,25,id,vannamei,20,5.08,90000
2026,24,th,vannamei,40,4.85,158.35
2026,24,th,vannamei,50,4.16,136.11
2026,24,th,vannamei,30,5.23,170.94
2026,24,th,vannamei,60,4.33,141
2026,24,th,vannamei,80,3.91,127.06
2026,24,th,vannamei,20,7.18,233.68
2026,24,vn,vannamei,100,3.12,82000
2026,24,vn,vannamei,90,3.34,88000
2026,24,vn,vannamei,80,3.65,96000
2026,24,vn,vannamei,70,3.72,98000
2026,24,vn,vannamei,60,3.38,89000
2026,24,vn,vannamei,50,3.34,88000
2026,24,vn,vannamei,40,3.65,96000
2026,24,vn,vannamei,30,4.18,110000
2026,24,vn,vannamei,20,6.42,169000
2026,24,vn,vannamei,10,9.01,237000
2026,24,vn,monodon,100,3.99,105000
2026,24,vn,monodon,90,4.41,116000
2026,24,vn,monodon,80,4.56,120000
2026,24,vn,monodon,70,4.83,127000
2026,24,vn,monodon,60,4.94,130000
2026,24,vn,monodon,50,5.06,133000
2026,24,vn,monodon,40,5.25,138000
2026,24,vn,monodon,30,5.55,146000
2026,24,vn,monodon,20,5.93,156000
2026,24,vn,monodon,10,11.48,302000
2026,24,th,vannamei,90,3.21,105.39
2026,24,th,vannamei,140,3.12,102.8
2026,24,th,vannamei,70,3.65,120.15
2026,24,ec,vannamei,100,1.9,1.9
2026,24,ec,vannamei,80,2.1,2.1
2026,24,ec,vannamei,70,2.2,2.2
2026,24,ec,vannamei,60,2.4,2.4
2026,24,ec,vannamei,50,2.6,2.6
2026,24,ec,vannamei,40,3.3,3.3
2026,24,ec,vannamei,30,3.7,3.7
2026,24,id,vannamei,100,2.86,52000
2026,24,id,vannamei,90,2.97,54000
2026,24,id,vannamei,80,3.09,56000
2026,24,id,vannamei,70,3.25,59000
2026,24,id,vannamei,60,3.36,61000
2026,24,id,vannamei,50,3.47,63000
2026,24,id,vannamei,40,3.69,67000
2026,24,id,vannamei,30,4.13,75000
2026,24,id,vannamei,20,4.96,90000
2026,23,th,vannamei,50,4.25,139.13
2026,23,th,vannamei,80,3.4,111.21
2026,23,th,vannamei,40,4.64,152.31
2026,23,th,vannamei,60,3.72,121.97
2026,23,th,vannamei,70,3.48,114.11
2026,23,th,vannamei,90,3.15,103.55
2026,23,vn,monodon,100,3.77,99333.3
2026,23,vn,monodon,90,4.14,109000
2026,23,vn,monodon,80,4.28,112667
2026,23,vn,monodon,70,4.58,120667
2026,23,vn,monodon,60,4.8,126333
2026,23,vn,monodon,50,4.94,130000
2026,23,vn,monodon,40,5.18,136333
2026,23,vn,monodon,30,5.44,143333
2026,23,vn,vannamei,100,3.2,84333.3
2026,23,vn,vannamei,90,3.43,90333.3
2026,23,vn,vannamei,80,3.71,97666.7
2026,23,vn,vannamei,70,3.79,99666.7
2026,23,vn,vannamei,60,3.75,98666.7
2026,23,vn,vannamei,50,3.73,98333.3
2026,23,vn,vannamei,40,4.09,107667
2026,23,vn,vannamei,30,4.62,121667
2026,23,vn,vannamei,20,6.43,169333
2026,23,vn,vannamei,10,9.01,237333
2026,23,vn,monodon,20,5.92,156000
2026,23,vn,monodon,10,11.47,302000
2026,23,ec,vannamei,100,1.9,1.9
2026,23,ec,vannamei,80,2.1,2.1
2026,23,ec,vannamei,70,2.2,2.2
2026,23,ec,vannamei,60,2.3,2.3
2026,23,ec,vannamei,50,2.5,2.5
2026,23,ec,vannamei,40,3.2,3.2
2026,23,ec,vannamei,30,3.6,3.6
2026,23,in,monodon,30,5.12,487.33
2026,23,in,monodon,20,7.3,695
2026,23,in,vannamei,100,2.47,235
2026,23,in,vannamei,90,2.57,245
2026,23,in,vannamei,80,2.78,265
2026,23,in,vannamei,70,2.89,275
2026,23,in,vannamei,60,2.99,285
2026,23,in,vannamei,50,3.2,305
2026,23,in,vannamei,40,3.52,335
2026,23,in,vannamei,30,4.57,435
2026,23,in,vannamei,20,6.2,590
2026,23,id,vannamei,100,2.91,52000
2026,23,id,vannamei,90,3.03,54000
2026,23,id,vannamei,80,3.14,56000
2026,23,id,vannamei,70,3.31,59000
2026,23,id,vannamei,60,3.42,61000
2026,23,id,vannamei,50,3.53,63000
2026,23,id,vannamei,40,3.75,67000
2026,23,id,vannamei,30,4.2,75000
2026,23,id,vannamei,20,5.04,90000
2026,22,th,vannamei,30,5.87,191.11
2026,22,th,vannamei,120,3.17,102.9
2026,22,th,vannamei,50,4.37,142.43
2026,22,vn,monodon,80,3.72,98000
2026,22,vn,monodon,70,4.1,108000
2026,22,vn,monodon,60,4.52,119000
2026,22,vn,monodon,50,4.71,124000
2026,22,vn,monodon,40,5.05,133000
2026,22,vn,monodon,30,5.24,138000
2026,22,vn,monodon,20,5.92,156000
2026,22,vn,monodon,10,11.47,302000
2026,22,th,vannamei,60,3.92,127.53
2026,22,vn,monodon,100,3.34,88000
2026,22,vn,monodon,90,3.61,95000
2026,22,th,vannamei,70,3.88,126.81
2026,22,th,vannamei,80,3.55,115.82
2026,22,vn,vannamei,100,3.11,82000
2026,22,vn,vannamei,90,3.34,88000
2026,22,vn,vannamei,80,3.53,93000
2026,22,vn,vannamei,70,3.72,98000
2026,22,vn,vannamei,60,3.76,99000
2026,22,vn,vannamei,50,3.76,99000
2026,22,vn,vannamei,40,3.87,102000
2026,22,vn,vannamei,30,4.33,114000
2026,22,vn,vannamei,20,4.86,128000
2026,22,vn,vannamei,10,8.47,223000
2026,22,th,vannamei,40,4.65,151.44
2026,22,ec,vannamei,100,1.9,1.9
2026,22,ec,vannamei,80,2.1,2.1
2026,22,ec,vannamei,70,2.2,2.2
2026,22,ec,vannamei,60,2.3,2.3
2026,22,ec,vannamei,50,2.4,2.4
2026,22,ec,vannamei,40,3.2,3.2
2026,22,ec,vannamei,30,3.5,3.5
2026,22,in,monodon,30,5.1,487.33
2026,22,in,monodon,20,7.28,695
2026,22,in,vannamei,100,2.41,230
2026,22,in,vannamei,90,2.52,240
2026,22,in,vannamei,80,2.73,260
2026,22,in,vannamei,70,2.83,270
2026,22,in,vannamei,60,2.94,280
2026,22,in,vannamei,50,3.15,300
2026,22,in,vannamei,40,3.46,330
2026,22,in,vannamei,30,4.51,430
2026,22,in,vannamei,20,6.19,590
2026,22,id,vannamei,100,3.04,54000
2026,22,id,vannamei,90,3.16,56000
2026,22,id,vannamei,80,3.27,58000
2026,22,id,vannamei,70,3.38,60000
2026,22,id,vannamei,60,3.5,62000
2026,22,id,vannamei,50,3.65,64666.7
2026,22,id,vannamei,40,3.83,68000
2026,22,id,vannamei,30,4.06,72000
2026,22,id,vannamei,20,4.62,82000
2026,21,th,vannamei,60,3.94,128.22
2026,21,th,vannamei,30,5.76,187.64
2026,21,th,vannamei,40,4.87,158.01
2026,21,th,vannamei,80,3.43,111.06
2026,21,th,vannamei,70,3.85,124.62
2026,21,in,monodon,30,5.06,487.33
2026,21,in,monodon,20,7.21,695
2026,21,in,vannamei,100,2.45,236.25
2026,21,in,vannamei,90,2.56,246.25
2026,21,in,vannamei,80,2.77,266.25
2026,21,in,vannamei,70,2.87,276.25
2026,21,in,vannamei,60,2.98,286.25
2026,21,in,vannamei,50,3.18,306.25
2026,21,in,vannamei,40,3.5,336.25
2026,21,in,vannamei,30,4.53,436.25
2026,21,in,vannamei,20,6.26,602.5
2026,21,th,vannamei,50,4.35,142.34
2026,21,ec,vannamei,100,1.9,1.9
2026,21,ec,vannamei,80,2.1,2.1
2026,21,ec,vannamei,70,2.2,2.2
2026,21,ec,vannamei,60,2.3,2.3
2026,21,ec,vannamei,50,2.4,2.4
2026,21,ec,vannamei,40,3.1,3.1
2026,21,ec,vannamei,30,3.5,3.5
2026,21,vn,vannamei,100,3.26,86000
2026,21,vn,vannamei,90,3.49,92000
2026,21,vn,vannamei,80,3.68,97000
2026,21,vn,vannamei,70,3.76,99000
2026,21,vn,vannamei,60,3.83,101000
2026,21,vn,vannamei,50,3.91,103000
2026,21,vn,vannamei,40,4.25,112000
2026,21,vn,vannamei,30,4.82,127000
2026,21,vn,vannamei,20,6.68,176000
2026,21,vn,vannamei,10,9.26,244000
2026,21,vn,monodon,100,3.34,88000
2026,21,vn,monodon,90,3.6,95000
2026,21,vn,monodon,80,3.72,98000
2026,21,vn,monodon,70,4.1,108000
2026,21,vn,monodon,60,4.51,119000
2026,21,vn,monodon,50,4.7,124000
2026,21,vn,monodon,40,5.05,133000
2026,21,vn,monodon,30,5.24,138000
2026,21,vn,monodon,20,5.92,156000
2026,21,vn,monodon,10,11.46,302000
2026,21,id,vannamei,100,3.17,56000
2026,21,id,vannamei,90,3.28,58000
2026,21,id,vannamei,80,3.39,60000
2026,21,id,vannamei,70,3.51,62000
2026,21,id,vannamei,60,3.68,65000
2026,21,id,vannamei,50,3.79,67000
2026,21,id,vannamei,40,3.9,69000
2026,21,id,vannamei,30,4.24,75000
2026,21,id,vannamei,20,4.81,85000
2026,20,th,vannamei,40,5.26,171.19
2026,20,th,vannamei,30,6.16,201.46
2026,20,vn,vannamei,70,3.89,102500
2026,20,vn,vannamei,60,3.97,104500
2026,20,vn,vannamei,50,4.04,106500
2026,20,vn,vannamei,40,4.18,110000
2026,20,vn,vannamei,30,4.75,125000
2026,20,vn,vannamei,20,6.85,180500
2026,20,vn,vannamei,10,9.43,248500
2026,20,vn,vannamei,100,3.4,89500
2026,20,vn,vannamei,90,3.63,95500
2026,20,vn,vannamei,80,3.82,100500
2026,20,in,monodon,20,7.27,695
2026,20,in,vannamei,100,2.67,255
2026,20,in,vannamei,90,2.77,265
2026,20,in,vannamei,80,2.98,285
2026,20,in,vannamei,70,3.09,295
2026,20,in,vannamei,60,3.19,305
2026,20,in,vannamei,50,3.4,325
2026,20,in,vannamei,40,3.71,355
2026,20,in,vannamei,30,4.86,465
2026,20,in,vannamei,20,6.54,625
2026,20,vn,monodon,100,3.79,100000
2026,20,vn,monodon,90,4.06,107000
2026,20,vn,monodon,80,4.17,110000
2026,20,vn,monodon,70,4.55,120000
2026,20,vn,monodon,60,4.97,131000
2026,20,vn,monodon,50,5.16,136000
2026,20,vn,monodon,40,5.5,145000
2026,20,vn,monodon,30,5.69,150000
2026,20,vn,monodon,20,6.38,168000
2026,20,vn,monodon,10,11.92,314000
2026,20,th,vannamei,100,3.1,100.97
2026,20,th,vannamei,50,4.44,144.47
2026,20,th,vannamei,60,3.89,126.82
2026,20,in,monodon,30,5.1,487.33
2026,20,th,vannamei,70,3.68,118.86
2026,20,ec,vannamei,100,1.9,1.9
2026,20,ec,vannamei,80,2.1,2.1
2026,20,ec,vannamei,70,2.2,2.2
2026,20,ec,vannamei,60,2.3,2.3
2026,20,ec,vannamei,50,2.4,2.4
2026,20,ec,vannamei,40,3.1,3.1
2026,20,ec,vannamei,30,3.4,3.4
2026,20,id,vannamei,100,3.27,57000
2026,20,id,vannamei,90,3.38,59000
2026,20,id,vannamei,80,3.5,61000
2026,20,id,vannamei,70,3.61,63000
2026,20,id,vannamei,60,3.79,66000
2026,20,id,vannamei,50,3.9,68000
2026,20,id,vannamei,40,4.01,70000
2026,20,id,vannamei,30,4.47,78000
2026,20,id,vannamei,20,5.16,90000
2026,19,th,vannamei,30,6.1,197.47
2026,19,th,vannamei,60,3.95,128.06
2026,19,th,vannamei,50,4.55,147.3
2026,19,th,vannamei,120,2.62,85
2026,19,th,vannamei,70,3.71,120.44
2026,19,vn,vannamei,100,3.4,89500
2026,19,vn,vannamei,90,3.63,95500
2026,19,vn,vannamei,80,3.82,100500
2026,19,vn,vannamei,70,3.89,102500
2026,19,vn,vannamei,60,3.97,104500
2026,19,vn,vannamei,50,4.06,106750
2026,19,vn,vannamei,40,4.16,109500
2026,19,vn,vannamei,30,4.73,124500
2026,19,vn,vannamei,20,6.96,183000
2026,19,vn,vannamei,10,9.54,251000
2026,19,vn,monodon,100,3.74,98500
2026,19,vn,monodon,90,4.01,105500
2026,19,vn,monodon,80,4.12,108500
2026,19,vn,monodon,70,4.5,118500
2026,19,vn,monodon,60,4.92,129500
2026,19,vn,monodon,50,5.11,134500
2026,19,vn,monodon,40,5.45,143500
2026,19,vn,monodon,30,5.64,148500
2026,19,vn,monodon,20,6.33,166500
2026,19,vn,monodon,10,11.87,312500
2026,19,th,vannamei,40,4.99,161.59
2026,19,th,vannamei,150,2.66,86
2026,19,in,monodon,30,5.13,487.33
2026,19,in,monodon,20,7.31,695
2026,19,in,vannamei,100,2.79,265
2026,19,in,vannamei,90,2.89,275
2026,19,in,vannamei,80,3.1,295
2026,19,in,vannamei,70,3.21,305
