year,avg_price_usd_kg,avg_temp_c,rainfall_mm,disease_outbreak_severity,disease_name,global_production_tonnes
2005,5.2,27.1,1450.0,15.0,none,2300000.0
2006,5.6,27.3,1500.0,20.0,white_spot,2520000.0
2007,6.05,27.0,1420.0,25.0,white_spot,2760000.0
2008,6.4,27.6,1560.0,30.0,none,3010000.0
2009,6.15,28.0,1610.0,55.0,white_spot,2980000.0
2010,6.9,27.8,1580.0,45.0,none,3350000.0
2011,7.45,28.2,1520.0,60.0,ems_ahpnd,3720000.0
2012,8.3,28.4,1470.0,85.0,ems_ahpnd,3410000.0
2013,9.1,28.1,1440.0,90.0,ems_ahpnd,3120000.0
2014,9.85,27.9,1490.0,65.0,ehp,3380000.0
2015,10.4,28.6,1380.0,60.0,ehp,3580000.0
2016,11.2,28.9,1350.0,50.0,ehp,3860000.0
2017,11.9,27.7,1500.0,35.0,none,4150000.0
2018,12.6,27.5,1540.0,30.0,none,4420000.0
2019,13.1,27.9,1490.0,28.0,white_spot,4610000.0
2020,13.95,28.1,1520.0,32.0,white_spot,4790000.0
2021,14.85,28.3,1470.0,38.0,ehp,4980000.0
2022,15.9,28.7,1420.0,42.0,ehp,5170000.0
2023,17.1,29.0,1390.0,48.0,ehp,5330000.0
2024,19.9,29.2,1360.0,52.0,white_spot,5480000.0
2025,19.0,29.0,1400.0,45.0,ehp,5600000.0
