year,month,region,size_class,price_usd_kg
2016,1,Global,Medium,8.10
2016,2,Global,Medium,8.25
2016,3,Global,Medium,8.40
2016,4,Global,Medium,8.60
2016,5,Global,Medium,8.55
2016,6,Global,Medium,8.70
2016,7,Global,Medium,8.90
2016,8,Global,Medium,9.05
2016,9,Global,Medium,9.10
2016,10,Global,Medium,9.00
2016,11,Global,Medium,8.95
2016,12,Global,Medium,9.15
2017,1,Global,Medium,9.20
2017,2,Global,Medium,9.30
2017,3,Global,Medium,9.45
2017,4,Global,Medium,9.60
2017,5,Global,Medium,9.55
2017,6,Global,Medium,9.70
2017,7,Global,Medium,9.85
2017,8,Global,Medium,10.00
2017,9,Global,Medium,10.05
2017,10,Global,Medium,9.95
2017,11,Global,Medium,10.10
2017,12,Global,Medium,10.25
2018,1,Global,Medium,10.30
2018,2,Global,Medium,10.40
2018,3,Global,Medium,10.50
2018,4,Global,Medium,10.65
2018,5,Global,Medium,10.60
2018,6,Global,Medium,10.80
2018,7,Global,Medium,10.95
2018,8,Global,Medium,11.10
2018,9,Global,Medium,11.15
2018,10,Global,Medium,11.05
2018,11,Global,Medium,11.20
2018,12,Global,Medium,11.35
2019,1,Global,Medium,11.40
2019,2,Global,Medium,11.50
2019,3,Global,Medium,11.65
2019,4,Global,Medium,11.80
2019,5,Global,Medium,11.75
2019,6,Global,Medium,11.90
2019,7,Global,Medium,12.05
2019,8,Global,Medium,12.20
2019,9,Global,Medium,12.25
2019,10,Global,Medium,12.15
2019,11,Global,Medium,12.30
2019,12,Global,Medium,12.45
2020,1,Global,Medium,12.60
2020,2,Global,Medium,12.80
2020,3,Global,Medium,12.55
2020,4,Global,Medium,12.30
2020,5,Global,Medium,12.45
2020,6,Global,Medium,12.70
2020,7,Global,Medium,12.95
2020,8,Global,Medium,13.20
2020,9,Global,Medium,13.45
2020,10,Global,Medium,13.60
2020,11,Global,Medium,13.75
2020,12,Global,Medium,13.90
2021,1,Global,Medium,14.10
2021,2,Global,Medium,14.25
2021,3,Global,Medium,14.40
2021,4,Global,Medium,14.60
2021,5,Global,Medium,14.55
2021,6,Global,Medium,14.75
2021,7,Global,Medium,14.95
2021,8,Global,Medium,15.10
2021,9,Global,Medium,15.20
2021,10,Global,Medium,15.10
2021,11,Global,Medium,15.30
2021,12,Global,Medium,15.50
2022,1,Global,Medium,15.60
2022,2,Global,Medium,15.80
2022,3,Global,Medium,15.70
2022,4,Global,Medium,15.55
2022,5,Global,Medium,15.75
2022,6,Global,Medium,16.00
2022,7,Global,Medium,16.25
2022,8,Global,Medium,16.45
2022,9,Global,Medium,16.55
2022,10,Global,Medium,16.45
2022,11,Global,Medium,16.60
2022,12,Global,Medium,16.85
2023,1,Global,Medium,16.95
2023,2,Global,Medium,17.10
2023,3,Global,Medium,17.25
2023,4,Global,Medium,17.40
2023,5,Global,Medium,17.35
2023,6,Global,Medium,17.55
2023,7,Global,Medium,17.75
2023,8,Global,Medium,17.90
2023,9,Global,Medium,18.00
2023,10,Global,Medium,17.95
2023,11,Global,Medium,18.10
2023,12,Global,Medium,18.30
2016,1,Global,Large,9.80
2016,7,Global,Large,10.60
2017,1,Global,Large,11.10
2017,7,Global,Large,11.90
2018,1,Global,Large,12.40
2018,7,Global,Large,13.20
2019,1,Global,Large,13.70
2019,7,Global,Large,14.50
2020,1,Global,Large,14.80
2020,7,Global,Large,15.60
2021,1,Global,Large,16.20
2021,7,Global,Large,17.00
2022,1,Global,Large,17.50
2022,7,Global,Large,18.30
2023,1,Global,Large,18.80
2023,7,Global,Large,19.60
2016,1,Asia,Medium,7.90
2016,7,Asia,Medium,8.70
2017,1,Asia,Medium,9.00
2017,7,Asia,Medium,9.65
2018,1,Asia,Medium,10.10
2018,7,Asia,Medium,10.75
2019,1,Asia,Medium,11.20
2019,7,Asia,Medium,11.85
2020,1,Asia,Medium,12.40
2020,7,Asia,Medium,12.75
2021,1,Asia,Medium,13.90
2021,7,Asia,Medium,14.70
2022,1,Asia,Medium,15.40
2022,7,Asia,Medium,16.05
2023,1,Asia,Medium,16.75
2023,7,Asia,Medium,17.55
2016,1,Americas,Medium,8.40
2016,7,Americas,Medium,9.10
2017,1,Americas,Medium,9.45
2017,7,Americas,Medium,10.15
2018,1,Americas,Medium,10.55
2018,7,Americas,Medium,11.25
2019,1,Americas,Medium,11.65
2019,7,Americas,Medium,12.35
2020,1,Americas,Medium,12.85
2020,7,Americas,Medium,13.55
2021,1,Americas,Medium,14.35
2021,7,Americas,Medium,15.15
2022,1,Americas,Medium,15.85
2022,7,Americas,Medium,16.55
2023,1,Americas,Medium,17.15
2023,7,Americas,Medium,17.95
